<?xml version="1.0" encoding="UTF-8"?>
<beans xmlns="http://www.springframework.org/schema/beans"
	xmlns:xsi="http://www.w3.org/2001/XMLSchema-instance"
	xmlns:context="http://www.springframework.org/schema/context"
	xmlns:tx="http://www.springframework.org/schema/tx"
	xsi:schemaLocation="http://www.springframework.org/schema/beans http://www.springframework.org/schema/beans/spring-beans.xsd
		http://www.springframework.org/schema/context http://www.springframework.org/schema/context/spring-context-4.3.xsd
		http://www.springframework.org/schema/tx http://www.springframework.org/schema/tx/spring-tx-4.3.xsd">


	<!-- Loading annotated beans -->
	<context:component-scan base-package="com.lti.homeloan"></context:component-scan>
	<!-- <context:component-scan base-package="com.lti.dao"></context:component-scan>
	<context:component-scan base-package="com.lti.dto"></context:component-scan>
	<context:component-scan base-package="com.lti.service"></context:component-scan> -->
	
	<!-- support for Commons File Upload -->
	<bean id="multipartResolver"
	        class="org.springframework.web.multipart.commons.CommonsMultipartResolver">
	
	    <!-- one of the properties available; the maximum file size in bytes -->
	    <property name="maxUploadSize" value="10000000"/>
	</bean>
	
	   <!-- DataSource configuration bean -->
	<bean id="dataSource1"
	    class="org.springframework.jdbc.datasource.DriverManagerDataSource">
	    <property name="driverClassName" value="oracle.jdbc.driver.OracleDriver" />
	    <property name="url" value="jdbc:oracle:thin:@localhost:1521:xe" />
	    <property name="username" value="virtuloan" />
	    <property name="password" value="Newuser123" />
	</bean>
	
	<!-- 	The following bean will create the EntityManagerFactory object for us
				No need of META-INF/persistence.xml as all settings required for
				Hibernate or any other ORM will be done here itself	 -->			
	 <bean id="myEmf" 
	 	class="org.springframework.orm.jpa.LocalContainerEntityManagerFactoryBean">
	       <property name="dataSource" ref="dataSource1" />
	       <property name="packagesToScan" value="com.lti.homeloan.entity" />	<!--  Location of @Entity classes -->
	       <property name="jpaVendorAdapter">
	           <bean class="org.springframework.orm.jpa.vendor.HibernateJpaVendorAdapter" />
	       </property>
	       <property name="jpaProperties">
	          <props>
	              <prop key="hibernate.hbm2ddl.auto">update</prop>
	             <prop key="hibernate.show_sql">true</prop>
	          </props>
	       </property>
   	</bean>
   	
   	 <bean id="transactionManager" 
   	 	class="org.springframework.orm.jpa.JpaTransactionManager">
       		<property name="entityManagerFactory" ref="myEmf" />
   	</bean>
   <tx:annotation-driven />
	</beans>
